{
    "fx": 1946.4843149360275,
    "fy": 1947.50010636221,
    "cx": 447.28553,
    "cy": 279.8253037404075,
    "height": 544,
    "width": 960
}